{
	"createNewObjectString": "function newClassifierFunction() {\r\n\tvar limdu = require('limdu');\r\n\tvar TextClassifier = limdu.classifiers.multilabel.BinaryRelevance.bind(0, {\r\n\t\tbinaryClassifierType: limdu.classifiers.Winnow.bind(0, {retrain_count: 10})\r\n\t});\r\n\r\n\tvar WordExtractor = function(input, features) {\r\n\t\tinput.split(\" \").forEach(function(word) {\r\n\t\t\tfeatures[word]=1;\r\n\t\t});\r\n\t};\r\n\t\r\n\t// Initialize a classifier with a feature extractor:\r\n\treturn new limdu.classifiers.EnhancedClassifier({\r\n\t\tclassifierType: TextClassifier,\r\n\t\tfeatureExtractor: WordExtractor,\r\n\t\tpastTrainingSamples: [], // to enable retraining\r\n\t});\r\n}",
	"object": {
		"classifier": {
			"apl": {
				"positive_weights": {
					"i": 0.3645,
					"want": 0.3645,
					"an": 6.479999999999999,
					"apple": 6.479999999999999,
					"bias": 0.3645,
					"a": 0.8,
					"banana": 0.8,
					"chips": 0.28125
				},
				"negative_weights": {
					"i": 1.0125,
					"want": 1.0125,
					"an": 0.16000000000000003,
					"apple": 0.16000000000000003,
					"bias": 1.0125,
					"a": 1.7999999999999998,
					"banana": 1.7999999999999998,
					"chips": 3.515625
				},
				"positive_weights_sum": {},
				"negative_weights_sum": {}
			},
			"bnn": {
				"positive_weights": {
					"i": 0.3645,
					"want": 0.3645,
					"a": 6.479999999999999,
					"banana": 6.479999999999999,
					"bias": 0.3645,
					"an": 0.8,
					"apple": 0.8,
					"chips": 0.28125
				},
				"negative_weights": {
					"i": 1.0125,
					"want": 1.0125,
					"a": 0.16000000000000003,
					"banana": 0.16000000000000003,
					"bias": 1.0125,
					"an": 1.7999999999999998,
					"apple": 1.7999999999999998,
					"chips": 3.515625
				},
				"positive_weights_sum": {},
				"negative_weights_sum": {}
			},
			"cps": {
				"positive_weights": {
					"i": 0.8437500000000002,
					"want": 0.8437500000000002,
					"chips": 13.18359375,
					"bias": 0.8437500000000002,
					"an": 0.32000000000000006,
					"apple": 0.32000000000000006,
					"a": 0.8,
					"banana": 0.8
				},
				"negative_weights": {
					"i": 0.3075468749999999,
					"want": 0.3075468749999999,
					"chips": 0.052734375,
					"bias": 0.3075468749999999,
					"an": 3.2399999999999993,
					"apple": 3.2399999999999993,
					"a": 1.7999999999999998,
					"banana": 1.7999999999999998
				},
				"positive_weights_sum": {},
				"negative_weights_sum": {}
			}
		},
		"pastTrainingSamples": [
			{
				"input": "I want an apple",
				"output": [
					"apl"
				]
			},
			{
				"input": "I want a banana",
				"output": [
					"bnn"
				]
			},
			{
				"input": "I want chips",
				"output": [
					"cps"
				]
			}
		]
	}
}